,label,area,bbox-0,bbox-1,bbox-2,bbox-3,bbox_area,centroid-0,centroid-1,slice,inertia_tensor-0-0,inertia_tensor-0-1,inertia_tensor-1-0,inertia_tensor-1-1,solidity,mean_intensity
0,1,27522,0,79,452,652,258996,82.76251725892014,364.82443136399974,"(slice(0, 452, None), slice(79, 652, None))",10088.24437367745,-3930.998745854046,-3930.998745854046,4080.0144543566703,0.21104209799861973,0.9356994974430439
1,2,155795,1,8,514,649,328833,244.68591418209826,253.35067235790623,"(slice(1, 514, None), slice(8, 649, None))",21672.282272968132,-3730.2885744118307,-3730.2885744118307,14934.926139084522,0.528785451484584,0.55563360348472
17,18,32285,68,0,514,372,165912,395.2413504723556,78.1656496825151,"(slice(68, 514, None), slice(0, 372, None))",4514.211742465476,-4262.806977161956,-4262.806977161956,9070.520284872831,0.39169416674754926,0.7823653915647103
73,74,72,195,260,212,271,187,202.58333333333334,265.6666666666667,"(slice(195, 212, None), slice(260, 271, None))",9.166666666666666,-4.694444444444444,-4.694444444444444,15.9375,0.549618320610687,0.7077342047930284
85,86,56,202,246,211,259,117,205.60714285714286,252.80357142857142,"(slice(202, 211, None), slice(246, 259, None))",9.479272959183673,-0.2621173469387756,-0.2621173469387756,3.9170918367346945,0.6746987951807228,0.7028011204481793
98,99,5262,209,249,300,404,14105,256.71607753705814,323.7662485746864,"(slice(209, 300, None), slice(249, 404, None))",1318.7511375421634,402.60570593489507,402.60570593489507,323.3648460357971,0.6864075136968432,0.7213539919958862
105,106,84,210,440,223,454,182,216.10714285714286,445.67857142857144,"(slice(210, 223, None), slice(440, 454, None))",11.241921768707485,-0.09396258503401368,-0.09396258503401368,7.048044217687074,0.6829268292682927,0.7062558356676004
118,119,196,214,420,234,439,380,223.04591836734693,429.0612244897959,"(slice(214, 234, None), slice(420, 439, None))",23.700333194502296,4.849750104123282,4.849750104123282,18.513197625989175,0.6782006920415224,0.7127050820328132
408,409,69,460,335,471,351,176,465.0144927536232,342.0,"(slice(460, 471, None), slice(335, 351, None))",20.463768115942027,-8.130434782608695,-8.130434782608695,6.275152278932996,0.69,0.3881784597897128
